[
    {
        "title":"Lesson",
        "img": "https://static.vecteezy.com/system/resources/previews/013/313/384/non_2x/book-icon-3d-illustration-vector.jpg",
        "Content":[
            {
                "sub-content":"Atomic structure",
                "No-of-tutes":15
            },
                        {
                "sub-content":"Structure and bonding",
                "No-of-tutes":15
            },
                        {
                "sub-content":"Chemical calculations",
                "No-of-tutes":15
            },
                        {
                "sub-content":"Gaseous state of matter",
                "No-of-tutes":15
            },
                        {
                "sub-content":"Energetics",
                "No-of-tutes":15
            },
                        {
                "sub-content":"Chemistry of s,p and d block elements",
                "No-of-tutes":15
            },
                        {
                "sub-content":"Basic concepts of organic chemistry",
                "No-of-tutes":15
            },
                        {
                "sub-content":"Equilibrium",
                "No-of-tutes":15
            },
                        {
                "sub-content":"Electro chemistry",
                "No-of-tutes":15
            },
                        {
                "sub-content":"Chemical kinetics",
                "No-of-tutes":15
            }

        ]
    },
        {
        "title":"Past Papers",
        "img": "https://img.freepik.com/free-psd/education-concept-with-woman-learning_23-2149935202.jpg",
        "Content":[
            {
                "sub-content":"2021 Past Papers",
                "No-of-tutes":15
            },
                        {
                "sub-content":"2022 Past Papers",
                "No-of-tutes":15
            },
                        {
                "sub-content":"2023 Past Papers",
                "No-of-tutes":15
            },
                        {
                "sub-content":"2024 Past Papers",
                "No-of-tutes":15
            },
                        {
                "sub-content":"Model Papers",
                "No-of-tutes":15
            }
        ]
    },
        {
        "title":"Tute",
        "img": "https://elearningindustry.com/wp-content/uploads/2020/06/3d-learning-is-the-future-of-education.png",
        "Content":[
            {
                "sub-content":"Advanced Tutes",
                "No-of-tutes":15
            },
                        {
                "sub-content":"Content Tutes",
                "No-of-tutes":15
            },
                        {
                "sub-content":"Chamistry Tutes",
                "No-of-tutes":15
            },
                        {
                "sub-content":"Revision Tutes",
                "No-of-tutes":15
            },
                        {
                "sub-content":"Alll in Tutes",
                "No-of-tutes":15
            }
        ]
    },
        {
        "title":"Revision",
        "img": "https://t3.ftcdn.net/jpg/04/31/83/34/360_F_431833434_FoPTAvzXCDuNUJAUKKeQkWKajlbI97XF.jpg",
        "Content":[
            {
                "sub-content":"2023 Revision 1",
                "No-of-tutes":15
            },
                        {
                "sub-content":"2023 Revision 2",
                "No-of-tutes":15
            },            {
                "sub-content":"2023 Revision 3",
                "No-of-tutes":15
            },            {
                "sub-content":"2023 Revision 4",
                "No-of-tutes":15
            },            {
                "sub-content":"Final revision Discussion",
                "No-of-tutes":15
            },            {
                "sub-content":"Rapid revision",
                "No-of-tutes":15
            }
        
        ]
    }
]